Name,Enrollment,Mobile number
Vishwa Prajapati,26001017,9409679991
Jiya Khetwani,26000996,8460916715
Disha Patel,26000828,9426261371
Yana Paraliya,26000727,8160084485
Mitali Gawas,26000238,9274073963
Dhruvi Agrawal,26000374,9328372304
Riya Soni,26000339,8320250985
Guneet Kaur,26000058,9104091360
Pahal Soni,25000234,8320592525
Harsh Bhatt,25001054,7574867010
Jiya Patel,25000189,7265978367
Riya Agrawal,26000315,7016933703
Yuti Patel,26000410,7990891521
Aditya Narwekar,26000309,7984961066
Avni Vaidya,26000631,6356501981
Aaditi Sutawane,26001152,9313617607
Krish Mirchandani,25000214,9099336531
Dhanshri Mehta,25001139,7984052384
Darshan Gohil,25000131,9274282811
Raviraj Parmar,25000148,8460393975
Vishv Sangani,25000160,7069047970
Aarya Pandya,26000884,9979880076
Shreya Chauhan,25001124,6357288639
Hraday Desai,26000782,8980434438
Yesha Shah,26000462,7575819129
Vyoma Patel,26001024,9328813626
Rashmi Samvedi,26001026,8487914680
Pal shah,26001034,6355120743
Twinkle panchal,26000988,9825705717
Pranaali surve,26001006,7801919206
Drishti upadhyay,26001288,9407883618
Aashi Arora,26000705,9687200807
harsh patel,24000195,7984797348
vaibhavi shah,25001272,8347031369
